dataset_version,generator_version,split,case_origin,semantic_case_id,document_id,template_id,layout_scope,condition,perturbation_id,dpi,renderer,rotation_degrees,blur_radius,contrast_factor,jpeg_quality,source_row_sha256,source_text_path,ground_truth_path,pdf_path,image_path,pdf_sha256,image_sha256
pilot-v5,5.0.0,development,fresh-v5,MEL-190,MEL-190-A,A,known_fixed_layout_family,clean,none,160,pypdfium2-5.12.1,0,0,1,,1aa67cc0c24dd7905c720715468e39587f62bb71f7d870dfbf0b2b6b16aceca8,data/v5/source_text/MEL-190-A.txt,data/v5/ground_truth/MEL-190-A.json,output/v5/pdf/clean/MEL-190-A.pdf,output/v5/rendered/clean/MEL-190-A.png,e015cd60bade5ec93aa3212414c778db56471c0bd93cacb6f314156e22386eb3,f9b103fb68aebd3189336a0f8c83a1ee6f0e193b77069657d728bfc82c0ba7ed
pilot-v5,5.0.0,development,fresh-v5,MEL-190,MEL-190-A,A,known_fixed_layout_family,ocr_degraded,scan-v5,160,pypdfium2-5.12.1,-0.462,0.848,0.823,60,1aa67cc0c24dd7905c720715468e39587f62bb71f7d870dfbf0b2b6b16aceca8,data/v5/source_text/MEL-190-A.txt,data/v5/ground_truth/MEL-190-A.json,output/v5/pdf/ocr_degraded/MEL-190-A.pdf,output/v5/rendered/ocr_degraded/MEL-190-A.png,22b75483cea5210b18e994af2c1af573df82965ef78b08c1f3326f958fd7b945,43f490e3c54d7f5c424c7adb79c05451d93e4d5cfba94adac854f3057fbb1915
pilot-v5,5.0.0,development,fresh-v5,MEL-190,MEL-190-B,B,known_fixed_layout_family,clean,none,160,pypdfium2-5.12.1,0,0,1,,1aa67cc0c24dd7905c720715468e39587f62bb71f7d870dfbf0b2b6b16aceca8,data/v5/source_text/MEL-190-B.txt,data/v5/ground_truth/MEL-190-B.json,output/v5/pdf/clean/MEL-190-B.pdf,output/v5/rendered/clean/MEL-190-B.png,112429ad843e98ba800805bbe46a03f0915024854902d2c3135c22ecf8840326,2d358fa71aac4a0fad14e0269febc8ca684bf1174253a810af641573f7d80935
pilot-v5,5.0.0,development,fresh-v5,MEL-190,MEL-190-B,B,known_fixed_layout_family,ocr_degraded,scan-v5,160,pypdfium2-5.12.1,0.619,0.612,0.889,62,1aa67cc0c24dd7905c720715468e39587f62bb71f7d870dfbf0b2b6b16aceca8,data/v5/source_text/MEL-190-B.txt,data/v5/ground_truth/MEL-190-B.json,output/v5/pdf/ocr_degraded/MEL-190-B.pdf,output/v5/rendered/ocr_degraded/MEL-190-B.png,99d2e4b691ef4ce08b1d1db24e31953fef176f79f3764eb99637f1047feb5a71,58130436563f94df34c63269a7024e625def3cba58a2a0e290bb96e0f12c2e6f
pilot-v5,5.0.0,formal,fresh-v5,MEL-201,MEL-201-A,A,known_fixed_layout_family,clean,none,160,pypdfium2-5.12.1,0,0,1,,cc8401ae0502f9271ce6797b7c41d21ef31ef538fc48c08242762a25baef910d,data/v5/source_text/MEL-201-A.txt,data/v5/ground_truth/MEL-201-A.json,output/v5/pdf/clean/MEL-201-A.pdf,output/v5/rendered/clean/MEL-201-A.png,b9e7c38e2a406e2d8a0d5df74efd6f39f0d8361e8cbeb6cbfcdfe9d4ad97c84c,aa7b094efa102956341802241d477e5f32a87c911b4c09985be3483a3b548567
pilot-v5,5.0.0,formal,fresh-v5,MEL-201,MEL-201-A,A,known_fixed_layout_family,ocr_degraded,scan-v5,160,pypdfium2-5.12.1,0.596,0.821,0.865,63,cc8401ae0502f9271ce6797b7c41d21ef31ef538fc48c08242762a25baef910d,data/v5/source_text/MEL-201-A.txt,data/v5/ground_truth/MEL-201-A.json,output/v5/pdf/ocr_degraded/MEL-201-A.pdf,output/v5/rendered/ocr_degraded/MEL-201-A.png,e79fe7921c7f1639d52e64506ee0eedcbd23dc2f50fb9b14c37b8d300ad30a66,2462d72c801417869e49e2903b9b43210d5a39574e7e0d7545911fe20b627caa
pilot-v5,5.0.0,formal,fresh-v5,MEL-201,MEL-201-B,B,known_fixed_layout_family,clean,none,160,pypdfium2-5.12.1,0,0,1,,cc8401ae0502f9271ce6797b7c41d21ef31ef538fc48c08242762a25baef910d,data/v5/source_text/MEL-201-B.txt,data/v5/ground_truth/MEL-201-B.json,output/v5/pdf/clean/MEL-201-B.pdf,output/v5/rendered/clean/MEL-201-B.png,5af99f3bbcbc12f48a142096b4d4ddb635d0265bbca331f9c94b9373493e1046,aa5d26b7086c81d75c4798ee18e614cb6ac361cddcd65663f11082f50c886abf
pilot-v5,5.0.0,formal,fresh-v5,MEL-201,MEL-201-B,B,known_fixed_layout_family,ocr_degraded,scan-v5,160,pypdfium2-5.12.1,-0.614,0.719,0.866,62,cc8401ae0502f9271ce6797b7c41d21ef31ef538fc48c08242762a25baef910d,data/v5/source_text/MEL-201-B.txt,data/v5/ground_truth/MEL-201-B.json,output/v5/pdf/ocr_degraded/MEL-201-B.pdf,output/v5/rendered/ocr_degraded/MEL-201-B.png,1f98a0a66f0c20051655336542f934a20da50d31cbb60ccec673f0b4b52400d6,0956f1aca7ea7bc0c546ed2b9e7bb9064ea503d2ab0e7c4bf1a1fc8a8fcb695b
pilot-v5,5.0.0,formal,fresh-v5,MEL-202,MEL-202-A,A,known_fixed_layout_family,clean,none,160,pypdfium2-5.12.1,0,0,1,,9eae48cb842b6215a2fa3b146e40c4953d59ba1eb202d2c88e2fed7f0b93efea,data/v5/source_text/MEL-202-A.txt,data/v5/ground_truth/MEL-202-A.json,output/v5/pdf/clean/MEL-202-A.pdf,output/v5/rendered/clean/MEL-202-A.png,fa83df81e8c1c3d846d68f0c9628f69da562616fa3fb5e066c9dfcf9f9a6b037,cca8d17701658a654bf7a38082daa911a4973e418bb2578be02e6c1a3288689d
pilot-v5,5.0.0,formal,fresh-v5,MEL-202,MEL-202-A,A,known_fixed_layout_family,ocr_degraded,scan-v5,160,pypdfium2-5.12.1,0.414,0.805,0.889,64,9eae48cb842b6215a2fa3b146e40c4953d59ba1eb202d2c88e2fed7f0b93efea,data/v5/source_text/MEL-202-A.txt,data/v5/ground_truth/MEL-202-A.json,output/v5/pdf/ocr_degraded/MEL-202-A.pdf,output/v5/rendered/ocr_degraded/MEL-202-A.png,a3066f37f3ad2cb8a168f1474b56f0f9355e5f94a29cb72e79bbadb77e0d7eca,8da1ef031371d0545004f8d65c9b3f79e791a46ce18ad590907cbbd7519d9139
pilot-v5,5.0.0,formal,fresh-v5,MEL-202,MEL-202-B,B,known_fixed_layout_family,clean,none,160,pypdfium2-5.12.1,0,0,1,,9eae48cb842b6215a2fa3b146e40c4953d59ba1eb202d2c88e2fed7f0b93efea,data/v5/source_text/MEL-202-B.txt,data/v5/ground_truth/MEL-202-B.json,output/v5/pdf/clean/MEL-202-B.pdf,output/v5/rendered/clean/MEL-202-B.png,badaac1ea3bdcabe60f040475c24709b4b807c9150b909fa382097feaa081371,eb5faa67845f2de5404e645587e1aa35d757556631f5d3b250c56a99ad45001b
pilot-v5,5.0.0,formal,fresh-v5,MEL-202,MEL-202-B,B,known_fixed_layout_family,ocr_degraded,scan-v5,160,pypdfium2-5.12.1,-0.352,0.823,0.887,70,9eae48cb842b6215a2fa3b146e40c4953d59ba1eb202d2c88e2fed7f0b93efea,data/v5/source_text/MEL-202-B.txt,data/v5/ground_truth/MEL-202-B.json,output/v5/pdf/ocr_degraded/MEL-202-B.pdf,output/v5/rendered/ocr_degraded/MEL-202-B.png,b6cefbf8f59f004e0ac8355553e849905bd1894a3e57a77c443ac955a39b863d,6b5ed9991e5de3d57902f427586d2518861e54655bb8cc5beea7b369a6c1aefb
pilot-v5,5.0.0,formal,fresh-v5,MEL-203,MEL-203-A,A,known_fixed_layout_family,clean,none,160,pypdfium2-5.12.1,0,0,1,,229501583091bbfde7fa054fe302a319e425f96482e509cb948687646f31a363,data/v5/source_text/MEL-203-A.txt,data/v5/ground_truth/MEL-203-A.json,output/v5/pdf/clean/MEL-203-A.pdf,output/v5/rendered/clean/MEL-203-A.png,f9a3435421a0b59ff3862c8e6c5248dfffd4c82107d437da0926a7b319778e19,53c9656bd79c6a90c6716f22b02a2721d28be476f23421d519111953f21c4909
pilot-v5,5.0.0,formal,fresh-v5,MEL-203,MEL-203-A,A,known_fixed_layout_family,ocr_degraded,scan-v5,160,pypdfium2-5.12.1,-0.358,0.609,0.859,67,229501583091bbfde7fa054fe302a319e425f96482e509cb948687646f31a363,data/v5/source_text/MEL-203-A.txt,data/v5/ground_truth/MEL-203-A.json,output/v5/pdf/ocr_degraded/MEL-203-A.pdf,output/v5/rendered/ocr_degraded/MEL-203-A.png,8f3a7ed960b2c12f9cc775b4d425d3848d3b0414a1d1d5cff6447df04456bcf0,5e098a3aa9ea86e1f0fee8a18ad9ead7a9a041d1e36b60a236c3674e8e93a6e8
pilot-v5,5.0.0,formal,fresh-v5,MEL-203,MEL-203-B,B,known_fixed_layout_family,clean,none,160,pypdfium2-5.12.1,0,0,1,,229501583091bbfde7fa054fe302a319e425f96482e509cb948687646f31a363,data/v5/source_text/MEL-203-B.txt,data/v5/ground_truth/MEL-203-B.json,output/v5/pdf/clean/MEL-203-B.pdf,output/v5/rendered/clean/MEL-203-B.png,6365ced2096cbbdd27695c37e11327fef5389dd80ea31b144e16f027bd99d749,444082f5478eaf5f8e3db1e8db28d8e373d3fa482e74a6819375be04748c3d64
pilot-v5,5.0.0,formal,fresh-v5,MEL-203,MEL-203-B,B,known_fixed_layout_family,ocr_degraded,scan-v5,160,pypdfium2-5.12.1,-0.47,0.735,0.844,68,229501583091bbfde7fa054fe302a319e425f96482e509cb948687646f31a363,data/v5/source_text/MEL-203-B.txt,data/v5/ground_truth/MEL-203-B.json,output/v5/pdf/ocr_degraded/MEL-203-B.pdf,output/v5/rendered/ocr_degraded/MEL-203-B.png,ca042d1c182db68af08d057b44e036fd696a0688e6d3b94fadc2b4d5d484c69d,5643f63d049ee2ac7c2d2f825dee1bca68a45eb3d7824d0e970ee906a2aa4ee3
pilot-v5,5.0.0,formal,fresh-v5,MEL-204,MEL-204-A,A,known_fixed_layout_family,clean,none,160,pypdfium2-5.12.1,0,0,1,,d838cee763b4099048449e4bcdb8883aa8e90f86cac90a9dcdf942ff9bb305fe,data/v5/source_text/MEL-204-A.txt,data/v5/ground_truth/MEL-204-A.json,output/v5/pdf/clean/MEL-204-A.pdf,output/v5/rendered/clean/MEL-204-A.png,2451d869cddd34e5ebb9f9a05f952c9b667c80c21689edfc31f65e7fd15e93db,9af78547158db58506f9a38fcb36b95e9ffd9e529f93b18228e6703118cc7759
pilot-v5,5.0.0,formal,fresh-v5,MEL-204,MEL-204-A,A,known_fixed_layout_family,ocr_degraded,scan-v5,160,pypdfium2-5.12.1,0.382,0.715,0.839,69,d838cee763b4099048449e4bcdb8883aa8e90f86cac90a9dcdf942ff9bb305fe,data/v5/source_text/MEL-204-A.txt,data/v5/ground_truth/MEL-204-A.json,output/v5/pdf/ocr_degraded/MEL-204-A.pdf,output/v5/rendered/ocr_degraded/MEL-204-A.png,82dab40ed472136064b0e3845629054cbc9428a4b7c7604de54bd69ced64fbb3,5a332eff580c85e3662927cb555e78730db53e7ccaeeaaacbef0e1e53540bfd4
pilot-v5,5.0.0,formal,fresh-v5,MEL-204,MEL-204-B,B,known_fixed_layout_family,clean,none,160,pypdfium2-5.12.1,0,0,1,,d838cee763b4099048449e4bcdb8883aa8e90f86cac90a9dcdf942ff9bb305fe,data/v5/source_text/MEL-204-B.txt,data/v5/ground_truth/MEL-204-B.json,output/v5/pdf/clean/MEL-204-B.pdf,output/v5/rendered/clean/MEL-204-B.png,ebd00de16f67232942e66b9ff3b3e99e75afac962f9f23d80450a1fbe0889557,8a72d761e4758a29c71735b3bcfec9191a0e716179e41a58c83e4a47d8663bf8
pilot-v5,5.0.0,formal,fresh-v5,MEL-204,MEL-204-B,B,known_fixed_layout_family,ocr_degraded,scan-v5,160,pypdfium2-5.12.1,-0.585,0.812,0.828,60,d838cee763b4099048449e4bcdb8883aa8e90f86cac90a9dcdf942ff9bb305fe,data/v5/source_text/MEL-204-B.txt,data/v5/ground_truth/MEL-204-B.json,output/v5/pdf/ocr_degraded/MEL-204-B.pdf,output/v5/rendered/ocr_degraded/MEL-204-B.png,b96d78dd5f4f58d3f328d6fc792eb3299519314aae3382e536f2c62320200f24,b55f9ea435638ede943409137d81ac5a27b9879159c7a3274b994af5f7b8b88e
pilot-v5,5.0.0,formal,fresh-v5,MEL-205,MEL-205-A,A,known_fixed_layout_family,clean,none,160,pypdfium2-5.12.1,0,0,1,,6b398fa4c8731524c8c2cebb8ebe1d075a210e31360f8b26fecd53be306537ff,data/v5/source_text/MEL-205-A.txt,data/v5/ground_truth/MEL-205-A.json,output/v5/pdf/clean/MEL-205-A.pdf,output/v5/rendered/clean/MEL-205-A.png,8ff098827402973cc15da413a7e35733d7e9f1b01be2eec533d6955a8d2a771e,29ef4fad65c12c1d2654d54bc1c92eb00efaf4f2bbf7fc6e7bcfbba6d84bcb9f
pilot-v5,5.0.0,formal,fresh-v5,MEL-205,MEL-205-A,A,known_fixed_layout_family,ocr_degraded,scan-v5,160,pypdfium2-5.12.1,0.492,0.588,0.855,70,6b398fa4c8731524c8c2cebb8ebe1d075a210e31360f8b26fecd53be306537ff,data/v5/source_text/MEL-205-A.txt,data/v5/ground_truth/MEL-205-A.json,output/v5/pdf/ocr_degraded/MEL-205-A.pdf,output/v5/rendered/ocr_degraded/MEL-205-A.png,9805ca1ed8531a875aa34e26a94d104eb5aeb485d1a39ac7acc9112f6931f5c1,4d968683f1eba512e60044c1ebf4d716675ca772eda42bb3cea36816f3744387
pilot-v5,5.0.0,formal,fresh-v5,MEL-205,MEL-205-B,B,known_fixed_layout_family,clean,none,160,pypdfium2-5.12.1,0,0,1,,6b398fa4c8731524c8c2cebb8ebe1d075a210e31360f8b26fecd53be306537ff,data/v5/source_text/MEL-205-B.txt,data/v5/ground_truth/MEL-205-B.json,output/v5/pdf/clean/MEL-205-B.pdf,output/v5/rendered/clean/MEL-205-B.png,b9ad27ab738773d16d0afe4ab4b890a2c8f884a7655e1acf8b7c21e1d2925b3f,1efa583270ba35807a6e7fba9ed5b317ffc569fa031ee5d530275142ce8634c9
pilot-v5,5.0.0,formal,fresh-v5,MEL-205,MEL-205-B,B,known_fixed_layout_family,ocr_degraded,scan-v5,160,pypdfium2-5.12.1,-0.546,0.638,0.869,59,6b398fa4c8731524c8c2cebb8ebe1d075a210e31360f8b26fecd53be306537ff,data/v5/source_text/MEL-205-B.txt,data/v5/ground_truth/MEL-205-B.json,output/v5/pdf/ocr_degraded/MEL-205-B.pdf,output/v5/rendered/ocr_degraded/MEL-205-B.png,b5ff42cf1174fdb1ed17e61857215c1957126e7c3ec21d0ae99663445d8f2464,9f0d1810834d81e434b9f13f73a3f2518f5fbc1c2546a02db98dc3654ab8d184
